Employee Email,Date,Clock In Time,Clock Out Time,Clock In Location,Clock Out Location,Early Clockout Reason
ajay.sharma@sciverse.co.in,31 May 2025,2025-05-31 10:02:35.823000+00:00,2025-05-31 19:11:40.957000+00:00,"308, Balewadi High Street, Baner, Pune-411045, Maharashtra India","123/31-1, , Baner, Pune-411045, Maharashtra India",
ajay.sharma@sciverse.co.in,16 May 2025,2025-05-16 10:18:47.994000+00:00,2025-05-16 19:19:16.144000+00:00,"308, Balewadi High Street, Baner, Pune-411045, Maharashtra India","V18, Balewadi High Street, Baner, Pune-411045, Maharashtra India",
ajay.sharma@sciverse.co.in,26 May 2025,2025-05-26 10:21:35.293000+00:00,,"308, Balewadi High Street, Baner, Pune-411045, Maharashtra India",,
ajay.sharma@sciverse.co.in,28 May 2025,2025-05-28 10:09:01.657000+00:00,2025-05-28 19:05:42.022000+00:00,"404, Balewadi High Street, Baner, Pune-411045, Maharashtra India","308, Balewadi High Street, Baner, Pune-411045, Maharashtra India",
ajay.sharma@sciverse.co.in,5 June 2025,2025-06-05 09:43:46.738000+00:00,,"308, Balewadi High Street, Baner, Pune-411045, Maharashtra India",,
ajay.sharma@sciverse.co.in,21 May 2025,2025-05-21 09:37:50.994000+00:00,,"V18, Balewadi High Street, Baner, Pune-411045, Maharashtra India",,
ajay.sharma@sciverse.co.in,22 May 2025,2025-05-22 10:07:38.074000+00:00,2025-05-22 18:51:45.497000+00:00,"308, Balewadi High Street, Baner, Pune-411045, Maharashtra India","308, Balewadi High Street, Baner, Pune-411045, Maharashtra India",
ajay.sharma@sciverse.co.in,27 May 2025,2025-05-27 09:57:41.965000+00:00,,"V18, Balewadi High Street, Baner, Pune-411045, Maharashtra India",,
ajay.sharma@sciverse.co.in,29 May 2025,2025-05-29 10:00:17.533000+00:00,,"308, Balewadi High Street, Baner, Pune-411045, Maharashtra India",,
ajay.sharma@sciverse.co.in,14 May 2025,2025-05-14 18:17:20.446000+00:00,2025-05-14 18:48:17.540000+00:00,"308, Balewadi High Street, Baner, Pune-411045, Maharashtra India","404, Balewadi High Street, Baner, Pune-411045, Maharashtra India",
ajay.sharma@sciverse.co.in,2 June 2025,2025-06-02 10:05:31.166000+00:00,2025-06-02 19:10:32.602000+00:00,"308, Balewadi High Street, Baner, Pune-411045, Maharashtra India","308, Balewadi High Street, Baner, Pune-411045, Maharashtra India",
ajay.sharma@sciverse.co.in,30 May 2025,2025-05-30 09:28:50.204000+00:00,2025-05-30 20:00:21.688000+00:00,"404, Balewadi High Street, Baner, Pune-411045, Maharashtra India","119/29, , Baner, Pune-411045, Maharashtra India",
ajay.sharma@sciverse.co.in,20 May 2025,2025-05-20 10:00:19.927000+00:00,,"308, Balewadi High Street, Baner, Pune-411045, Maharashtra India",,
ajay.sharma@sciverse.co.in,15 May 2025,2025-05-15 10:58:04.984000+00:00,2025-05-15 20:08:16.735000+00:00,"308, Balewadi High Street, Baner, Pune-411045, Maharashtra India","432, Baner Rd, बाणेर, पुणे-411045, महाराष्ट्र India",
ajay.sharma@sciverse.co.in,19 May 2025,2025-05-19 10:15:05.588000+00:00,,"308, Balewadi High Street, Baner, Pune-411045, Maharashtra India",,
ajay.sharma@sciverse.co.in,3 June 2025,2025-06-03 10:04:46.244000+00:00,2025-06-03 19:08:35.797000+00:00,"308, Balewadi High Street, Baner, Pune-411045, Maharashtra India","308, Balewadi High Street, Baner, Pune-411045, Maharashtra India",
ajay.sharma@sciverse.co.in,4 June 2025,2025-06-04 09:51:38.798000+00:00,2025-06-04 18:52:38.955000+00:00,"308, Balewadi High Street, Baner, Pune-411045, Maharashtra India","308, Balewadi High Street, Baner, Pune-411045, Maharashtra India",
chinmay.chauhan@sciverse.co.in,31 May 2025,2025-05-31 10:48:21.181000+00:00,2025-05-31 19:12:11.304000+00:00,"308, Balewadi High Street, Baner, Pune-411045, Maharashtra India","308, Balewadi High Street, Baner, Pune-411045, Maharashtra India",
chinmay.chauhan@sciverse.co.in,30 May 2025,2025-05-30 10:15:30.685000+00:00,2025-05-30 19:40:30.536000+00:00,"308, Balewadi High Street, Baner, Pune-411045, Maharashtra India","308, Balewadi High Street, Baner, Pune-411045, Maharashtra India",
chinmay.chauhan@sciverse.co.in,3 June 2025,2025-06-03 09:30:42.710000+00:00,2025-06-03 18:49:18.908000+00:00,"308, Balewadi High Street, Baner, Pune-411045, Maharashtra India","308, Balewadi High Street, Baner, Pune-411045, Maharashtra India",
chinmay.chauhan@sciverse.co.in,26 May 2025,2025-05-26 10:03:33.293000+00:00,2025-05-26 19:29:02.685000+00:00,"308, Balewadi High Street, Baner, Pune-411045, Maharashtra India","308, Balewadi High Street, Baner, Pune-411045, Maharashtra India",
chinmay.chauhan@sciverse.co.in,28 May 2025,2025-05-28 09:23:25.040000+00:00,2025-05-28 18:38:00.763000+00:00,"308, Balewadi High Street, Baner, Pune-411045, Maharashtra India","308, Balewadi High Street, Baner, Pune-411045, Maharashtra India",
chinmay.chauhan@sciverse.co.in,2 June 2025,2025-06-02 08:48:26.475000+00:00,2025-06-02 18:35:46.972000+00:00,"308, Balewadi High Street, Baner, Pune-411045, Maharashtra India","308, Balewadi High Street, Baner, Pune-411045, Maharashtra India",
chinmay.chauhan@sciverse.co.in,5 June 2025,2025-06-05 10:30:36.400000+00:00,,"308, Balewadi High Street, Baner, Pune-411045, Maharashtra India",,
chinmay.chauhan@sciverse.co.in,21 May 2025,2025-05-21 10:37:39.722000+00:00,2025-05-21 19:48:29.482000+00:00,"V18, Balewadi High Street, Baner, Pune-411045, Maharashtra India","308, Balewadi High Street, Baner, Pune-411045, Maharashtra India",
chinmay.chauhan@sciverse.co.in,20 May 2025,2025-05-20 09:49:29.188000+00:00,2025-05-20 19:46:37.390000+00:00,"308, Balewadi High Street, Baner, Pune-411045, Maharashtra India","404, Balewadi High Street, Baner, Pune-411045, Maharashtra India",
chinmay.chauhan@sciverse.co.in,27 May 2025,2025-05-27 10:11:07.208000+00:00,2025-05-27 19:28:21.340000+00:00,"308, Balewadi High Street, Baner, Pune-411045, Maharashtra India","308, Balewadi High Street, Baner, Pune-411045, Maharashtra India",
chinmay.chauhan@sciverse.co.in,19 May 2025,2025-05-19 11:07:10.576000+00:00,2025-05-19 19:35:06.006000+00:00,"308, Balewadi High Street, Baner, Pune-411045, Maharashtra India","308, Balewadi High Street, Baner, Pune-411045, Maharashtra India",
chinmay.chauhan@sciverse.co.in,22 May 2025,2025-05-22 09:36:39.632000+00:00,2025-05-22 18:52:49.427000+00:00,"308, Balewadi High Street, Baner, Pune-411045, Maharashtra India","308, Balewadi High Street, Baner, Pune-411045, Maharashtra India",
chinmay.chauhan@sciverse.co.in,23 May 2025,2025-05-23 10:34:40.980000+00:00,2025-05-23 19:28:46.349000+00:00,"308, Balewadi High Street, Baner, Pune-411045, Maharashtra India","308, Balewadi High Street, Baner, Pune-411045, Maharashtra India",
chinmay.chauhan@sciverse.co.in,29 May 2025,2025-05-29 10:15:03.814000+00:00,2025-05-29 20:15:03.028000+00:00,"308, Balewadi High Street, Baner, Pune-411045, Maharashtra India","308, Balewadi High Street, Baner, Pune-411045, Maharashtra India",
chitra.nair@sciverse.co.in,31 May 2025,2025-05-31 09:37:15.275000+00:00,2025-05-31 18:55:53.588000+00:00,"308, Balewadi High Street, Baner, Pune-411045, Maharashtra India","308, Balewadi High Street, Baner, Pune-411045, Maharashtra India",
chitra.nair@sciverse.co.in,4 June 2025,2025-06-04 09:46:13.844000+00:00,2025-06-04 18:52:01.967000+00:00,"308, Balewadi High Street, Baner, Pune-411045, Maharashtra India","308, Balewadi High Street, Baner, Pune-411045, Maharashtra India",
chitra.nair@sciverse.co.in,16 May 2025,,,,,
chitra.nair@sciverse.co.in,26 May 2025,2025-05-26 10:03:34.090000+00:00,2025-05-26 19:17:41.595000+00:00,"308, Balewadi High Street, Baner, Pune-411045, Maharashtra India","308, Balewadi High Street, Baner, Pune-411045, Maharashtra India",
chitra.nair@sciverse.co.in,28 May 2025,2025-05-28 09:54:34.244000+00:00,2025-05-28 18:56:03.808000+00:00,"308, Balewadi High Street, Baner, Pune-411045, Maharashtra India","404, Balewadi High Street, Baner, Pune-411045, Maharashtra India",
chitra.nair@sciverse.co.in,5 June 2025,2025-06-05 10:01:49.309000+00:00,,"Balewadi High Street, Balewadi High Street, Baner, Pune-411045, Maharashtra India",,
chitra.nair@sciverse.co.in,21 May 2025,2025-05-21 11:30:44.742000+00:00,2025-05-21 08:00:42.615000+00:00,"308, Balewadi High Street, Baner, Pune-411045, Maharashtra India","308, Balewadi High Street, Baner, Pune-411045, Maharashtra India",
chitra.nair@sciverse.co.in,22 May 2025,2025-05-22 10:29:20.553000+00:00,2025-05-22 19:23:42.017000+00:00,"308, Balewadi High Street, Baner, Pune-411045, Maharashtra India","308, Balewadi High Street, Baner, Pune-411045, Maharashtra India",
chitra.nair@sciverse.co.in,27 May 2025,2025-05-27 10:07:22.380000+00:00,2025-05-27 19:15:11.935000+00:00,"308, Balewadi High Street, Baner, Pune-411045, Maharashtra India","308, Balewadi High Street, Baner, Pune-411045, Maharashtra India",
chitra.nair@sciverse.co.in,17 May 2025,2025-05-17 11:04:41.546000+00:00,2025-05-17 19:16:10.845000+00:00,"308, Balewadi High Street, Baner, Pune-411045, Maharashtra India","V18, Balewadi High Street, Baner, Pune-411045, Maharashtra India",
chitra.nair@sciverse.co.in,24 May 2025,2025-05-24 09:49:52.544000+00:00,2025-05-24 18:56:27.213000+00:00,"V18, Balewadi High Street, Baner, Pune-411045, Maharashtra India","308, Balewadi High Street, Baner, Pune-411045, Maharashtra India",
chitra.nair@sciverse.co.in,14 May 2025,2025-05-14 18:19:39.027000+00:00,2025-05-14 19:20:10.371000+00:00,"308, Balewadi High Street, Baner, Pune-411045, Maharashtra India","308, Balewadi High Street, Baner, Pune-411045, Maharashtra India",
chitra.nair@sciverse.co.in,2 June 2025,2025-06-02 10:08:52.789000+00:00,2025-06-02 19:04:01.938000+00:00,"308, Balewadi High Street, Baner, Pune-411045, Maharashtra India","308, Balewadi High Street, Baner, Pune-411045, Maharashtra India",
chitra.nair@sciverse.co.in,30 May 2025,2025-05-30 09:50:16.907000+00:00,2025-05-30 19:08:31.182000+00:00,"HQCG+423, Balewadi High Street, Baner, Pune-411045, Maharashtra India","308, Balewadi High Street, Baner, Pune-411045, Maharashtra India",
chitra.nair@sciverse.co.in,20 May 2025,2025-05-20 10:49:00.640000+00:00,2025-05-20 19:45:41.309000+00:00,"HQ9G+V2P, Balewadi High Street, Baner, Pune-411045, Maharashtra India","308, Balewadi High Street, Baner, Pune-411045, Maharashtra India",
chitra.nair@sciverse.co.in,15 May 2025,2025-05-16 10:39:39.441000+00:00,2025-05-15 19:27:41.727000+00:00,"404, Balewadi High Street, Baner, Pune-411045, Maharashtra India",,
chitra.nair@sciverse.co.in,19 May 2025,2025-05-19 10:16:33.501000+00:00,2025-05-19 19:24:09.380000+00:00,"V18, Balewadi High Street, Baner, Pune-411045, Maharashtra India","308, Balewadi High Street, Baner, Pune-411045, Maharashtra India",
chitra.nair@sciverse.co.in,23 May 2025,2025-05-23 09:41:34.184000+00:00,2025-05-23 19:04:39.085000+00:00,"308, Balewadi High Street, Baner, Pune-411045, Maharashtra India","308, Balewadi High Street, Baner, Pune-411045, Maharashtra India",
chitra.nair@sciverse.co.in,3 June 2025,2025-06-03 09:26:21.627000+00:00,2025-06-03 18:39:53.206000+00:00,"308, Balewadi High Street, Baner, Pune-411045, Maharashtra India","404, Balewadi High Street, Baner, Pune-411045, Maharashtra India",
dhruv@sciverse.co.in,31 May 2025,2025-05-31 09:43:24.724999+00:00,2025-05-31 18:58:22.493000+00:00,"Sonaba Mahadu Saykar Path, Sonaba Mahadu Saykar Path, Baner, Pune-411045, Maharashtra India","Park Express Road, Park Express Road, Baner, Pune-411045, Maharashtra India",
dhruv@sciverse.co.in,26 May 2025,2025-05-26 15:59:07.607000+00:00,,"Park Express Road, Park Express Road, Baner, Pune-411045, Maharashtra India",,
dhruv@sciverse.co.in,28 May 2025,,,,,
dhruv@sciverse.co.in,2 June 2025,2025-06-02 09:55:10.591000+00:00,2025-06-02 19:13:35.914000+00:00,"Sonaba Mahadu Saykar Path, Sonaba Mahadu Saykar Path, Baner, Pune-411045, Maharashtra India","Park Express Road, Park Express Road, Baner, Pune-411045, Maharashtra India",
dhruv@sciverse.co.in,5 June 2025,2025-06-05 09:58:45.894999+00:00,,"Park Grandeur Society Road, Park Grandeur Society Road, Baner, Pune-411045, Maharashtra India",,
dhruv@sciverse.co.in,30 May 2025,2025-05-30 09:23:37.716000+00:00,2025-05-30 19:18:17.164999+00:00,"Baner, , Baner, Pune-411045, Maharashtra India","Baner, , Baner, Pune-411045, Maharashtra India",
dhruv@sciverse.co.in,22 May 2025,2025-05-22 10:53:26.351999+00:00,,"Park Express Road, Park Express Road, Baner, Pune-411045, Maharashtra India",,
dhruv@sciverse.co.in,27 May 2025,,,,,
dhruv@sciverse.co.in,3 June 2025,2025-06-03 09:52:20.671999+00:00,2025-06-03 18:53:30.721999+00:00,"Park Grandeur Society Road, Park Grandeur Society Road, Baner, Pune-411045, Maharashtra India","Park Express Road, Park Express Road, Baner, Pune-411045, Maharashtra India",
dhruv@sciverse.co.in,29 May 2025,2025-05-29 10:05:41.858000+00:00,2025-05-29 19:40:39.782000+00:00,"Park Express Road, Park Express Road, Baner, Pune-411045, Maharashtra India","Park Express Road, Park Express Road, Baner, Pune-411045, Maharashtra India",
dhruv@sciverse.co.in,23 May 2025,,,,,
dhruv@sciverse.co.in,4 June 2025,2025-06-04 09:38:32.746000+00:00,2025-06-04 18:43:12.213999+00:00,"Park Express Road, Park Express Road, Baner, Pune-411045, Maharashtra India","Park Express Road, Park Express Road, Baner, Pune-411045, Maharashtra India",
jatin.jagani@sciverse.co.in,3 June 2025,2025-06-03 09:47:37.410000+00:00,2025-06-03 22:05:11.069000+00:00,"Park Express Road, Park Express Road, Baner, Pune-411045, Maharashtra India","Park Express Road, Park Express Road, Baner, Pune-411045, Maharashtra India",
jatin.jagani@sciverse.co.in,4 June 2025,2025-06-04 10:11:31.382999+00:00,2025-06-04 21:13:45.246999+00:00,"Pan Card Clubs Road, Pan Card Clubs Road, Baner Gaon, Pune-411045, Maharashtra India","Park Express Road, Park Express Road, Baner, Pune-411045, Maharashtra India",
jatin.jagani@sciverse.co.in,26 May 2025,2025-05-26 14:44:22.627000+00:00,2025-05-26 22:33:25.220999+00:00,"54, Baracha Road, Maheshwari Nagar Society, Baracha Road, Varachha, Surat-395006, Gujarat India","Umarwada, , Umarwada, Surat-395010, Gujarat India",
jatin.jagani@sciverse.co.in,28 May 2025,2025-05-28 09:10:40.154000+00:00,2025-05-28 20:08:24.085999+00:00,"Park Express Road, Park Express Road, Baner, Pune-411045, Maharashtra India","Park Express Road, Park Express Road, Baner, Pune-411045, Maharashtra India",
jatin.jagani@sciverse.co.in,5 June 2025,2025-06-05 10:16:50.421000+00:00,,"Park Express Road, Park Express Road, Baner, Pune-411045, Maharashtra India",,
jatin.jagani@sciverse.co.in,21 May 2025,2025-05-21 09:53:34.788000+00:00,2025-05-21 20:27:08.819999+00:00,"Park Express Road, Park Express Road, Baner, Pune-411045, Maharashtra India","Baner, , Baner, Pune-411045, Maharashtra India",
jatin.jagani@sciverse.co.in,22 May 2025,2025-05-22 08:13:45.960999+00:00,2025-05-22 21:27:13.716000+00:00,"Baner, , Baner, Pune-411045, Maharashtra India","Park Express Road, Park Express Road, Baner, Pune-411045, Maharashtra India",
jatin.jagani@sciverse.co.in,29 May 2025,2025-05-29 09:34:11.957000+00:00,2025-05-29 20:25:52.183000+00:00,"Park Express Road, Park Express Road, Baner, Pune-411045, Maharashtra India","Park Express Road, Park Express Road, Baner, Pune-411045, Maharashtra India",
jatin.jagani@sciverse.co.in,27 May 2025,2025-05-27 11:28:02.144999+00:00,2025-05-27 20:53:26.165999+00:00,"Park Express Road, Park Express Road, Baner, Pune-411045, Maharashtra India","Pan Card Clubs Road, Pan Card Clubs Road, Baner Gaon, Pune-411045, Maharashtra India",
jatin.jagani@sciverse.co.in,7 May 2025,2025-05-07 18:57:48.871000+00:00,2025-05-07 21:36:44.221999+00:00,"Park Express Road, Park Express Road, Baner, Pune-411045, Maharashtra India","Park Express Road, Park Express Road, Baner, Pune-411045, Maharashtra India",
jatin.jagani@sciverse.co.in,14 May 2025,2025-05-14 20:08:43.102999+00:00,2025-05-14 22:38:21.844000+00:00,"Park Express Road, Park Express Road, Baner, Pune-411045, Maharashtra India","Pan Card Clubs Road, Pan Card Clubs Road, Baner Gaon, Pune-411045, Maharashtra India",
jatin.jagani@sciverse.co.in,2 June 2025,2025-06-02 09:56:37.232000+00:00,2025-06-02 19:55:01.680999+00:00,"Park Express Road, Park Express Road, Baner, Pune-411045, Maharashtra India","Park Express Road, Park Express Road, Baner, Pune-411045, Maharashtra India",
jatin.jagani@sciverse.co.in,30 May 2025,2025-05-30 09:46:09.221999+00:00,2025-05-30 19:39:49.237999+00:00,"Park Express Road, Park Express Road, Baner, Pune-411045, Maharashtra India","Park Express Road, Park Express Road, Baner, Pune-411045, Maharashtra India",
jatin.jagani@sciverse.co.in,20 May 2025,2025-05-20 22:05:18.826999+00:00,2025-05-20 23:24:52.568000+00:00,"Sonaba Mahadu Saykar Path, Sonaba Mahadu Saykar Path, Baner, Pune-411045, Maharashtra India","Pan Card Clubs Road, Pan Card Clubs Road, Baner Gaon, Pune-411045, Maharashtra India",
jatin.jagani@sciverse.co.in,15 May 2025,2025-05-15 09:25:35.714999+00:00,2025-05-15 19:23:55.388999+00:00,"Park Express Road, Park Express Road, Baner, Pune-411045, Maharashtra India","Park Express Road, Park Express Road, Baner, Pune-411045, Maharashtra India",
jatin.jagani@sciverse.co.in,9 May 2025,2025-05-10 08:05:00.404999+00:00,,"Park Express Road, Park Express Road, Baner, Pune-411045, Maharashtra India",,
jatin.jagani@sciverse.co.in,8 May 2025,2025-05-08 11:47:00.292999+00:00,2025-05-08 21:11:22.750999+00:00,"Park Express Road, Park Express Road, Baner, Pune-411045, Maharashtra India","20/1, Shivneri Park Road, Shivneri Park Road, Baner, Pune-411045, Maharashtra India",
jatin.jagani@sciverse.co.in,19 May 2025,2025-05-20 10:59:02.430999+00:00,2025-05-19 19:53:51.059000+00:00,"Park Express Road, Park Express Road, Baner, Pune-411045, Maharashtra India",,
jayapal.reddy@sciverse.co.in,31 May 2025,2025-05-31 09:24:31.648000+00:00,,"17/4/12, , Baner, Pune-411045, Maharashtra India",,
jayapal.reddy@sciverse.co.in,30 May 2025,2025-05-30 11:18:49.508000+00:00,2025-05-30 13:36:09.884000+00:00,"6Th Floor, , Baner, Pune-411045, Maharashtra India","Baner, , Baner, Pune-411045, Maharashtra India",
jayapal.reddy@sciverse.co.in,24 May 2025,2025-05-24 10:59:14.654000+00:00,2025-05-24 16:06:05.566000+00:00,"308, Balewadi High Street, Baner, Pune-411045, Maharashtra India","Croma Showroom, , Baner, Pune-411045, Maharashtra India",
jayapal.reddy@sciverse.co.in,26 May 2025,2025-05-26 11:03:14.060000+00:00,2025-05-26 22:18:05.771000+00:00,"6Th Floor, , Baner, Pune-411045, Maharashtra India","6Th Floor, , Baner, Pune-411045, Maharashtra India",
jayapal.reddy@sciverse.co.in,28 May 2025,2025-05-28 10:33:01.606000+00:00,2025-05-28 20:45:17.360000+00:00,"Shop No A/1, UGF, , Baner, Pune-411045, Maharashtra India","Baner, , Baner, Pune-411045, Maharashtra India",
jayapal.reddy@sciverse.co.in,5 June 2025,2025-06-05 10:19:00.885000+00:00,,"308, Balewadi High Street, Baner, Pune-411045, Maharashtra India",,
jayapal.reddy@sciverse.co.in,21 May 2025,2025-05-21 10:29:50.073000+00:00,2025-05-21 21:07:31.030000+00:00,"11/3, Veerbhadra Nagar Road, Baner, Pune-411045, Maharashtra India","V18, Balewadi High Street, Baner, Pune-411045, Maharashtra India",
jayapal.reddy@sciverse.co.in,20 May 2025,2025-05-20 10:51:54.315000+00:00,2025-05-20 21:14:48.552000+00:00,"Pune, , Baner, Pune-411045, Maharashtra India","11/3, Veerbhadra Nagar Road, Baner, Pune-411045, Maharashtra India",
jayapal.reddy@sciverse.co.in,27 May 2025,2025-05-27 10:55:05.026000+00:00,2025-05-27 20:50:53.575000+00:00,"110, Baner Road, Baner, Pune-411045, Maharashtra India","6Th Floor, , Baner, Pune-411045, Maharashtra India",
jayapal.reddy@sciverse.co.in,19 May 2025,2025-05-19 11:19:00.202000+00:00,2025-05-19 21:03:28.954000+00:00,"6Th Floor, , Baner, Pune-411045, Maharashtra India","11/3, Veerbhadra Nagar Road, Baner, Pune-411045, Maharashtra India",
jayapal.reddy@sciverse.co.in,22 May 2025,2025-05-22 10:47:15.093000+00:00,2025-05-22 19:54:52.041000+00:00,"6Th Floor, , Baner, Pune-411045, Maharashtra India","6Th Floor, , Baner, Pune-411045, Maharashtra India",
jayapal.reddy@sciverse.co.in,23 May 2025,2025-05-23 10:53:58.243000+00:00,2025-05-23 21:29:03.993000+00:00,"6Th Floor, , Baner, Pune-411045, Maharashtra India","6Th Floor, , Baner, Pune-411045, Maharashtra India",
jayapal.reddy@sciverse.co.in,29 May 2025,2025-05-29 10:41:58.872000+00:00,2025-05-29 20:30:09.075000+00:00,"6Th Floor, , Baner, Pune-411045, Maharashtra India","6Th Floor, , Baner, Pune-411045, Maharashtra India",
mangesh.velapure@sciverse.co.in,31 May 2025,2025-05-31 09:43:01.880000+00:00,2025-05-31 18:53:48.237000+00:00,"6Th Floor, , Baner, Pune-411045, Maharashtra India","308, Balewadi High Street, Baner, Pune-411045, Maharashtra India",
mangesh.velapure@sciverse.co.in,16 May 2025,2025-05-16 09:42:01.398000+00:00,2025-05-16 19:23:20.522000+00:00,"6Th Floor, , Baner, Pune-411045, Maharashtra India","6Th Floor, , Baner, Pune-411045, Maharashtra India",
mangesh.velapure@sciverse.co.in,26 May 2025,2025-05-26 10:11:51.595000+00:00,2025-05-26 19:17:35.511000+00:00,"6Th Floor, , Baner, Pune-411045, Maharashtra India","6Th Floor, , Baner, Pune-411045, Maharashtra India",
mangesh.velapure@sciverse.co.in,28 May 2025,2025-05-28 10:30:37.507000+00:00,2025-05-28 19:36:11.962000+00:00,"Sr No. 110, Baner - Mahalunge Road, Baner, Pune-411045, Maharashtra India","6Th Floor, , Baner, Pune-411045, Maharashtra India",
mangesh.velapure@sciverse.co.in,5 June 2025,2025-06-05 13:51:55.633000+00:00,,"6Th Floor, , Baner, Pune-411045, Maharashtra India",,
mangesh.velapure@sciverse.co.in,21 May 2025,2025-05-21 10:02:46.524000+00:00,2025-05-21 19:36:47.311000+00:00,"6Th Floor, , Baner, Pune-411045, Maharashtra India","308, Balewadi High Street, Baner, Pune-411045, Maharashtra India",
mangesh.velapure@sciverse.co.in,22 May 2025,2025-05-22 10:16:42.466000+00:00,2025-05-22 19:18:56.137000+00:00,"6Th Floor, , Baner, Pune-411045, Maharashtra India","6Th Floor, , Baner, Pune-411045, Maharashtra India",
mangesh.velapure@sciverse.co.in,29 May 2025,2025-05-29 10:24:40.030000+00:00,2025-05-29 19:26:23.450000+00:00,"6Th Floor, , Baner, Pune-411045, Maharashtra India","Sr No. 110, Baner - Mahalunge Road, Baner, Pune-411045, Maharashtra India",
mangesh.velapure@sciverse.co.in,27 May 2025,2025-05-27 10:12:28.525000+00:00,2025-05-27 14:44:40.031000+00:00,"6Th Floor, , Baner, Pune-411045, Maharashtra India","6Th Floor, , Baner, Pune-411045, Maharashtra India",
mangesh.velapure@sciverse.co.in,17 May 2025,2025-05-17 08:59:07.937000+00:00,2025-05-17 20:19:09.765000+00:00,"6Th Floor, , Baner, Pune-411045, Maharashtra India","Sr No. 110, Baner - Mahalunge Road, Baner, Pune-411045, Maharashtra India",
mangesh.velapure@sciverse.co.in,2 June 2025,2025-06-02 10:22:46.370000+00:00,2025-06-02 19:32:24.492000+00:00,"23/7/114, , Donje, Pune-411045, Maharashtra India","6Th Floor, , Baner, Pune-411045, Maharashtra India",
mangesh.velapure@sciverse.co.in,30 May 2025,2025-05-30 10:16:30.573000+00:00,2025-05-30 19:19:23.079000+00:00,"6Th Floor, , Baner, Pune-411045, Maharashtra India","6Th Floor, , Baner, Pune-411045, Maharashtra India",
mangesh.velapure@sciverse.co.in,20 May 2025,2025-05-20 10:27:02.910000+00:00,2025-05-20 19:42:52.615000+00:00,"6Th Floor, , Baner, Pune-411045, Maharashtra India","6Th Floor, , Baner, Pune-411045, Maharashtra India",
mangesh.velapure@sciverse.co.in,15 May 2025,2025-05-15 10:08:25.750000+00:00,2025-05-15 19:21:36.333000+00:00,"6Th Floor, , Baner, Pune-411045, Maharashtra India","11/3, Veerbhadra Nagar Road, Baner, Pune-411045, Maharashtra India",
mangesh.velapure@sciverse.co.in,19 May 2025,2025-05-19 10:08:38.846000+00:00,2025-05-19 19:56:18.654000+00:00,"6Th Floor, , Baner, Pune-411045, Maharashtra India","Sr No. 110, Baner - Mahalunge Road, Baner, Pune-411045, Maharashtra India",
mangesh.velapure@sciverse.co.in,23 May 2025,2025-05-23 10:13:19.921000+00:00,2025-05-23 19:14:10.002000+00:00,"23/7/114, , Donje, Pune-411045, Maharashtra India","6Th Floor, , Baner, Pune-411045, Maharashtra India",
mangesh.velapure@sciverse.co.in,3 June 2025,2025-06-03 10:11:29.286000+00:00,2025-06-03 19:14:54.411000+00:00,"6Th Floor, , Baner, Pune-411045, Maharashtra India","6Th Floor, , Baner, Pune-411045, Maharashtra India",
mrinmayee.kulkarni@sciverse.co.in,26 May 2025,2025-05-26 21:21:20.980000+00:00,2025-05-27 02:45:16.933000+00:00,"Orleansplatz, Orleansplatz, Au-Haidhausen, Munich-81667, Bavaria Germany","Orleansplatz, Orleansplatz, Au-Haidhausen, Munich-81667, Bavaria Germany",
mrinmayee.kulkarni@sciverse.co.in,1 June 2025,,,,,
mrinmayee.kulkarni@sciverse.co.in,2 June 2025,2025-06-02 10:35:51.456000+00:00,2025-06-02 20:52:36.990999+00:00,"Orleansplatz, Orleansplatz, Au-Haidhausen, Munich-81667, Bavaria Germany","Orleansplatz, Orleansplatz, Au-Haidhausen, Munich-81667, Bavaria Germany",
mrinmayee.kulkarni@sciverse.co.in,5 June 2025,,,,,
mrinmayee.kulkarni@sciverse.co.in,20 May 2025,2025-05-20 21:25:56.171999+00:00,,"Orleansplatz, Orleansplatz, Au-Haidhausen, Munich-81667, Bavaria Germany",,
mrinmayee.kulkarni@sciverse.co.in,27 May 2025,2025-05-28 01:43:08.358999+00:00,,"Orleansplatz, Orleansplatz, Au-Haidhausen, Munich-81667, Bavaria Germany",,
mrinmayee.kulkarni@sciverse.co.in,3 June 2025,2025-06-03 12:23:24.009000+00:00,2025-06-03 21:11:44.075999+00:00,"Orleansplatz, Orleansplatz, Au-Haidhausen, Munich-81667, Bavaria Germany","Orleansplatz, Orleansplatz, Au-Haidhausen, Munich-81667, Bavaria Germany",
mrinmayee.kulkarni@sciverse.co.in,29 May 2025,,,,,
mrinmayee.kulkarni@sciverse.co.in,4 June 2025,2025-06-04 15:50:38.565000+00:00,,"Orleansplatz, Orleansplatz, Au-Haidhausen, Munich-81667, Bavaria Germany",,
onkar.nirmale@sciverse.co.in,31 May 2025,2025-05-31 09:27:12.237000+00:00,2025-05-31 19:09:17.602000+00:00,"Shop No, Main Road, , Sangola-413307, Maharashtra India","Shop No, Main Road, , Sangola-413307, Maharashtra India",
onkar.nirmale@sciverse.co.in,4 June 2025,2025-06-04 12:31:33.640000+00:00,2025-06-04 19:00:04.942000+00:00,"308, Balewadi High Street, Baner, Pune-411045, Maharashtra India","308, Balewadi High Street, Baner, Pune-411045, Maharashtra India",
onkar.nirmale@sciverse.co.in,16 May 2025,2025-05-16 12:06:45.828000+00:00,2025-05-16 22:26:15.603000+00:00,"C5PV+R8F, , , Sangola-413307, Maharashtra India","Shop No, Main Road, , Sangola-413307, Maharashtra India",
onkar.nirmale@sciverse.co.in,26 May 2025,2025-05-26 09:56:25.005000+00:00,2025-05-26 19:16:17.615000+00:00,"Shop No, Main Road, , Sangola-413307, Maharashtra India","Shop No, Main Road, , Sangola-413307, Maharashtra India",
onkar.nirmale@sciverse.co.in,28 May 2025,2025-05-28 09:27:27.593000+00:00,2025-05-28 18:52:52.898000+00:00,"Shop No, Main Road, , Sangola-413307, Maharashtra India","Shop No, Main Road, , Sangola-413307, Maharashtra India",
onkar.nirmale@sciverse.co.in,5 June 2025,2025-06-05 10:28:08.112000+00:00,,"308, Balewadi High Street, Baner, Pune-411045, Maharashtra India",,
onkar.nirmale@sciverse.co.in,21 May 2025,2025-05-21 09:30:42.765000+00:00,2025-05-21 22:26:35.271000+00:00,"Shop No, Main Road, , Sangola-413307, Maharashtra India","Shop No, Main Road, , Sangola-413307, Maharashtra India",
onkar.nirmale@sciverse.co.in,22 May 2025,2025-05-22 09:34:57.634000+00:00,2025-05-22 19:11:00.564000+00:00,"C5PV+R8F, , , Sangola-413307, Maharashtra India","Shop No, Main Road, , Sangola-413307, Maharashtra India",
onkar.nirmale@sciverse.co.in,29 May 2025,2025-05-29 09:26:37.879000+00:00,2025-05-29 19:41:48.322000+00:00,"Shop No, Main Road, , Sangola-413307, Maharashtra India","Shop No, Main Road, , Sangola-413307, Maharashtra India",
onkar.nirmale@sciverse.co.in,27 May 2025,2025-05-27 09:29:15.141000+00:00,2025-05-27 19:05:19.390000+00:00,"Shop No, Main Road, , Sangola-413307, Maharashtra India","Shop No, Main Road, , Sangola-413307, Maharashtra India",
onkar.nirmale@sciverse.co.in,17 May 2025,2025-05-17 09:36:38.710000+00:00,,"Shop No, Main Road, , Sangola-413307, Maharashtra India",,
onkar.nirmale@sciverse.co.in,30 May 2025,2025-05-30 09:23:47.094000+00:00,2025-05-30 19:26:51.158000+00:00,"Shop No, Main Road, , Sangola-413307, Maharashtra India","Shop No, Main Road, , Sangola-413307, Maharashtra India",
onkar.nirmale@sciverse.co.in,20 May 2025,2025-05-20 21:23:53.397000+00:00,2025-05-20 21:28:46.358000+00:00,"Shop No, Main Road, , Sangola-413307, Maharashtra India","C5PV+W79, , , Sangola-413307, Maharashtra India",
onkar.nirmale@sciverse.co.in,15 May 2025,2025-05-15 09:32:20.063000+00:00,2025-05-15 20:12:22.482000+00:00,"Shop No, Main Road, , Sangola-413307, Maharashtra India","Shop No, Main Road, , Sangola-413307, Maharashtra India",
onkar.nirmale@sciverse.co.in,19 May 2025,2025-05-19 13:29:43.922000+00:00,2025-05-19 23:02:04.152000+00:00,"Shop No, Main Road, , Sangola-413307, Maharashtra India","Shop No, Main Road, , Sangola-413307, Maharashtra India",
onkar.nirmale@sciverse.co.in,23 May 2025,2025-05-23 09:30:10.146000+00:00,2025-05-23 20:05:55.307000+00:00,"Shop No, Main Road, , Sangola-413307, Maharashtra India","Shop No, Main Road, , Sangola-413307, Maharashtra India",
onkar.nirmale@sciverse.co.in,3 June 2025,2025-06-03 10:00:18.799000+00:00,2025-06-03 19:21:12.291000+00:00,"Block-D, , Wagholi, Pune-412207, Maharashtra India","HXGJ+V25, , Wagholi, Pune-412207, Maharashtra India",
pooja.molawade@sciverse.co.in,31 May 2025,2025-05-31 10:11:05.649000+00:00,2025-05-31 19:20:37.861000+00:00,"308, Balewadi High Street, Baner, Pune-411045, Maharashtra India","308, Balewadi High Street, Baner, Pune-411045, Maharashtra India",
pooja.molawade@sciverse.co.in,28 May 2025,2025-05-28 10:03:43.905000+00:00,2025-05-28 19:06:26.518000+00:00,"308, Balewadi High Street, Baner, Pune-411045, Maharashtra India","308, Balewadi High Street, Baner, Pune-411045, Maharashtra India",
pooja.molawade@sciverse.co.in,5 June 2025,2025-06-05 09:46:23.646000+00:00,,"308, Balewadi High Street, Baner, Pune-411045, Maharashtra India",,
pooja.molawade@sciverse.co.in,21 May 2025,2025-05-21 10:01:23.994000+00:00,2025-05-21 19:22:01.534000+00:00,"404, Balewadi High Street, Baner, Pune-411045, Maharashtra India","308, Balewadi High Street, Baner, Pune-411045, Maharashtra India",
pooja.molawade@sciverse.co.in,6 May 2025,2025-05-06 12:23:10.305000+00:00,2025-05-06 12:52:36.020000+00:00,,,
pooja.molawade@sciverse.co.in,29 May 2025,2025-05-29 09:51:28.990000+00:00,2025-05-29 18:55:18.844000+00:00,"308, Balewadi High Street, Baner, Pune-411045, Maharashtra India","308, Balewadi High Street, Baner, Pune-411045, Maharashtra India",
pooja.molawade@sciverse.co.in,27 May 2025,2025-05-27 10:27:39.528000+00:00,2025-05-27 19:19:09.015000+00:00,"308, Balewadi High Street, Baner, Pune-411045, Maharashtra India","308, Balewadi High Street, Baner, Pune-411045, Maharashtra India",
pooja.molawade@sciverse.co.in,22 May 2025,2025-05-22 10:06:51.108000+00:00,2025-05-22 19:36:08.059000+00:00,"308, Balewadi High Street, Baner, Pune-411045, Maharashtra India","308, Balewadi High Street, Baner, Pune-411045, Maharashtra India",
pooja.molawade@sciverse.co.in,17 May 2025,,,,,
pooja.molawade@sciverse.co.in,14 May 2025,2025-05-14 17:03:22.250999+00:00,,"Powell St, Ellis St, Union Square, San Francisco-94108, CA United States",,
pooja.molawade@sciverse.co.in,2 June 2025,2025-06-02 17:34:26.504000+00:00,2025-06-02 17:34:36.187000+00:00,"308, Balewadi High Street, Baner, Pune-411045, Maharashtra India","308, Balewadi High Street, Baner, Pune-411045, Maharashtra India",
pooja.molawade@sciverse.co.in,30 May 2025,2025-05-30 09:55:38.789000+00:00,2025-05-30 19:20:21.600000+00:00,"V18, Balewadi High Street, Baner, Pune-411045, Maharashtra India","308, Balewadi High Street, Baner, Pune-411045, Maharashtra India",
pooja.molawade@sciverse.co.in,20 May 2025,2025-05-20 19:33:25.308000+00:00,2025-05-20 19:47:11.484000+00:00,"308, Balewadi High Street, Baner, Pune-411045, Maharashtra India","308, Balewadi High Street, Baner, Pune-411045, Maharashtra India",
pooja.molawade@sciverse.co.in,19 May 2025,2025-05-19 13:43:21.321000+00:00,2025-05-19 19:23:58.192000+00:00,"308, Balewadi High Street, Baner, Pune-411045, Maharashtra India","HQ9G+V2P, Balewadi High Street, Baner, Pune-411045, Maharashtra India",
pooja.molawade@sciverse.co.in,3 June 2025,2025-06-03 10:14:37.851000+00:00,2025-06-03 19:18:38.729000+00:00,"308, Balewadi High Street, Baner, Pune-411045, Maharashtra India","308, Balewadi High Street, Baner, Pune-411045, Maharashtra India",
pooja.molawade@sciverse.co.in,23 May 2025,2025-05-23 10:18:49.960000+00:00,2025-05-23 19:27:44.240000+00:00,"308, Balewadi High Street, Baner, Pune-411045, Maharashtra India","308, Balewadi High Street, Baner, Pune-411045, Maharashtra India",
pooja.molawade@sciverse.co.in,4 June 2025,2025-06-04 10:10:21.340000+00:00,2025-06-04 19:11:33.647000+00:00,"308, Balewadi High Street, Baner, Pune-411045, Maharashtra India","V18, Balewadi High Street, Baner, Pune-411045, Maharashtra India",
pratik.devnal@sciverse.co.in,31 May 2025,2025-05-31 09:51:59.681000+00:00,2025-05-31 18:55:43.940000+00:00,"V18, Balewadi High Street, Baner, Pune-411045, Maharashtra India","308, Balewadi High Street, Baner, Pune-411045, Maharashtra India",
pratik.devnal@sciverse.co.in,16 May 2025,2025-05-16 09:47:42.408000+00:00,2025-05-16 19:04:29.446000+00:00,"V18, Balewadi High Street, Baner, Pune-411045, Maharashtra India","308, Balewadi High Street, Baner, Pune-411045, Maharashtra India",
pratik.devnal@sciverse.co.in,26 May 2025,2025-05-26 10:05:33.804000+00:00,2025-05-26 19:20:58.599000+00:00,"507, 5th Floor, Balewadi High Street, Baner, Pune-411045, Maharashtra India","308, Balewadi High Street, Baner, Pune-411045, Maharashtra India",
pratik.devnal@sciverse.co.in,28 May 2025,2025-05-28 09:48:15.537000+00:00,2025-05-28 19:02:21.673000+00:00,"308, Balewadi High Street, Baner, Pune-411045, Maharashtra India","308, Balewadi High Street, Baner, Pune-411045, Maharashtra India",
pratik.devnal@sciverse.co.in,5 June 2025,2025-06-05 09:50:10.146000+00:00,,"308, Balewadi High Street, Baner, Pune-411045, Maharashtra India",,
pratik.devnal@sciverse.co.in,21 May 2025,2025-05-21 10:11:54.661000+00:00,2025-05-21 19:24:39.581000+00:00,"V18, Balewadi High Street, Baner, Pune-411045, Maharashtra India","404, Balewadi High Street, Baner, Pune-411045, Maharashtra India",
pratik.devnal@sciverse.co.in,22 May 2025,2025-05-22 10:20:03.164000+00:00,2025-05-22 19:35:13.480000+00:00,"V18, Balewadi High Street, Baner, Pune-411045, Maharashtra India","308, Balewadi High Street, Baner, Pune-411045, Maharashtra India",
pratik.devnal@sciverse.co.in,29 May 2025,2025-05-29 09:44:50.352000+00:00,2025-05-29 19:25:40.715000+00:00,"308, Balewadi High Street, Baner, Pune-411045, Maharashtra India","404, Balewadi High Street, Baner, Pune-411045, Maharashtra India",
pratik.devnal@sciverse.co.in,27 May 2025,2025-05-27 09:58:10.705000+00:00,2025-05-27 19:16:42.191000+00:00,"305, Balewadi High Street, Baner, Pune-411045, Maharashtra India","V18, Balewadi High Street, Baner, Pune-411045, Maharashtra India",
pratik.devnal@sciverse.co.in,17 May 2025,2025-05-17 09:54:41.441000+00:00,2025-05-17 19:04:51.448000+00:00,"308, Balewadi High Street, Baner, Pune-411045, Maharashtra India","308, Balewadi High Street, Baner, Pune-411045, Maharashtra India",
pratik.devnal@sciverse.co.in,2 June 2025,2025-06-02 10:08:38.426000+00:00,2025-06-02 19:11:14.457000+00:00,"308, Balewadi High Street, Baner, Pune-411045, Maharashtra India","308, Balewadi High Street, Baner, Pune-411045, Maharashtra India",
pratik.devnal@sciverse.co.in,30 May 2025,2025-05-30 09:26:03.989000+00:00,2025-05-30 18:45:54.270000+00:00,"308, Balewadi High Street, Baner, Pune-411045, Maharashtra India","308, Balewadi High Street, Baner, Pune-411045, Maharashtra India",
pratik.devnal@sciverse.co.in,20 May 2025,2025-05-20 09:56:55.581000+00:00,2025-05-20 19:10:48.675000+00:00,"305, Balewadi High Street, Baner, Pune-411045, Maharashtra India","308, Balewadi High Street, Baner, Pune-411045, Maharashtra India",
pratik.devnal@sciverse.co.in,19 May 2025,2025-05-19 10:02:29.112000+00:00,2025-05-19 12:30:59.502000+00:00,"308, Balewadi High Street, Baner, Pune-411045, Maharashtra India","308, Balewadi High Street, Baner, Pune-411045, Maharashtra India",
pratik.devnal@sciverse.co.in,3 June 2025,2025-06-03 10:01:09.214000+00:00,2025-06-03 19:21:15.667000+00:00,"404, Balewadi High Street, Baner, Pune-411045, Maharashtra India","404, Balewadi High Street, Baner, Pune-411045, Maharashtra India",
pratik.devnal@sciverse.co.in,23 May 2025,2025-05-23 10:12:27.469000+00:00,2025-05-23 19:18:21.151000+00:00,"V18, Balewadi High Street, Baner, Pune-411045, Maharashtra India","404, Balewadi High Street, Baner, Pune-411045, Maharashtra India",
pratik.devnal@sciverse.co.in,4 June 2025,2025-06-04 09:29:02.501000+00:00,2025-06-04 19:03:59.012000+00:00,"308, Balewadi High Street, Baner, Pune-411045, Maharashtra India","404, Balewadi High Street, Baner, Pune-411045, Maharashtra India",
rageshwari.gadhe@sciverse.co.in,31 May 2025,2025-05-31 09:50:10.709000+00:00,2025-05-31 18:54:39.576000+00:00,"308, Balewadi High Street, Baner, Pune-411045, Maharashtra India","308, Balewadi High Street, Baner, Pune-411045, Maharashtra India",
rageshwari.gadhe@sciverse.co.in,2 June 2025,2025-06-02 10:08:52.470000+00:00,2025-06-02 19:05:21.675000+00:00,"308, Balewadi High Street, Baner, Pune-411045, Maharashtra India","308, Balewadi High Street, Baner, Pune-411045, Maharashtra India",
rageshwari.gadhe@sciverse.co.in,5 June 2025,2025-06-05 09:55:01.487000+00:00,,"V18, Balewadi High Street, Baner, Pune-411045, Maharashtra India",,
rageshwari.gadhe@sciverse.co.in,21 May 2025,2025-05-21 09:46:39.755000+00:00,2025-05-21 19:04:30.753000+00:00,"V18, Balewadi High Street, Baner, Pune-411045, Maharashtra India","308, Balewadi High Street, Baner, Pune-411045, Maharashtra India",
rageshwari.gadhe@sciverse.co.in,22 May 2025,2025-05-22 10:07:48.741000+00:00,2025-05-22 19:24:35.950000+00:00,"404, Balewadi High Street, Baner, Pune-411045, Maharashtra India","308, Balewadi High Street, Baner, Pune-411045, Maharashtra India",
rageshwari.gadhe@sciverse.co.in,29 May 2025,2025-05-29 10:00:42.853000+00:00,2025-05-29 18:40:33.615000+00:00,"308, Balewadi High Street, Baner, Pune-411045, Maharashtra India","308, Balewadi High Street, Baner, Pune-411045, Maharashtra India",
rageshwari.gadhe@sciverse.co.in,3 June 2025,2025-06-03 09:09:48.723000+00:00,2025-06-03 13:27:10.934000+00:00,"308, Balewadi High Street, Baner, Pune-411045, Maharashtra India","308, Balewadi High Street, Baner, Pune-411045, Maharashtra India",
rageshwari.gadhe@sciverse.co.in,30 May 2025,2025-05-30 10:19:25.477000+00:00,2025-05-30 19:10:19.816000+00:00,"404, Balewadi High Street, Baner, Pune-411045, Maharashtra India","308, Balewadi High Street, Baner, Pune-411045, Maharashtra India",
rageshwari.gadhe@sciverse.co.in,23 May 2025,2025-05-23 10:12:02.752000+00:00,,"308, Balewadi High Street, Baner, Pune-411045, Maharashtra India",,
rageshwari.gadhe@sciverse.co.in,4 June 2025,2025-06-04 09:47:03.526000+00:00,2025-06-04 18:52:13.947000+00:00,"404, Balewadi High Street, Baner, Pune-411045, Maharashtra India","308, Balewadi High Street, Baner, Pune-411045, Maharashtra India",
rajiv.kumar@sciverse.co.in,31 May 2025,2025-05-31 09:45:57.358000+00:00,2025-05-31 18:54:10.472000+00:00,"Sunflower Building, Baner Road, Baner, Pune-411045, Maharashtra India","404, Balewadi High Street, Baner, Pune-411045, Maharashtra India",
rajiv.kumar@sciverse.co.in,26 May 2025,2025-05-26 10:39:59.239000+00:00,2025-05-26 19:50:12.451000+00:00,"308, Balewadi High Street, Baner, Pune-411045, Maharashtra India","308, Balewadi High Street, Baner, Pune-411045, Maharashtra India",
rajiv.kumar@sciverse.co.in,28 May 2025,2025-05-28 10:00:50.022000+00:00,2025-05-28 19:15:34.611000+00:00,"308, Balewadi High Street, Baner, Pune-411045, Maharashtra India","308, Balewadi High Street, Baner, Pune-411045, Maharashtra India",
rajiv.kumar@sciverse.co.in,2 June 2025,2025-06-02 10:10:07.445000+00:00,2025-06-02 19:50:00.643000+00:00,"Croma Showroom, , Baner, Pune-411045, Maharashtra India","308, Balewadi High Street, Baner, Pune-411045, Maharashtra India",
rajiv.kumar@sciverse.co.in,5 June 2025,2025-06-05 09:57:30.563000+00:00,,"11/3, Veerbhadra Nagar Road, Baner, Pune-411045, Maharashtra India",,
rajiv.kumar@sciverse.co.in,30 May 2025,2025-05-30 10:14:19.448000+00:00,2025-05-30 19:25:30.720000+00:00,"308, Balewadi High Street, Baner, Pune-411045, Maharashtra India","6Th Floor, , Baner, Pune-411045, Maharashtra India",
rajiv.kumar@sciverse.co.in,22 May 2025,2025-05-22 10:50:05.051000+00:00,2025-05-22 19:49:33.647000+00:00,"308, Balewadi High Street, Baner, Pune-411045, Maharashtra India","308, Balewadi High Street, Baner, Pune-411045, Maharashtra India",
rajiv.kumar@sciverse.co.in,27 May 2025,2025-05-27 10:18:47.372000+00:00,2025-05-27 19:41:33.688000+00:00,"V18, Balewadi High Street, Baner, Pune-411045, Maharashtra India","308, Balewadi High Street, Baner, Pune-411045, Maharashtra India",
rajiv.kumar@sciverse.co.in,3 June 2025,2025-06-03 09:44:12.762000+00:00,2025-06-03 18:50:43.494000+00:00,"V18, Balewadi High Street, Baner, Pune-411045, Maharashtra India","308, Balewadi High Street, Baner, Pune-411045, Maharashtra India",
rajiv.kumar@sciverse.co.in,4 June 2025,2025-06-04 10:04:48.092000+00:00,2025-06-04 19:37:55.859000+00:00,"11/3, Veerbhadra Nagar Road, Baner, Pune-411045, Maharashtra India","6Th Floor, , Baner, Pune-411045, Maharashtra India",
rasika.parulkar@sciverse.co.in,3 June 2025,2025-06-03 10:33:10.138000+00:00,2025-06-03 18:50:29.667999+00:00,"Baner, , Baner, Pune-411045, Maharashtra India","Baner, , Baner, Pune-411045, Maharashtra India",
rasika.parulkar@sciverse.co.in,4 June 2025,2025-06-04 09:25:45.424000+00:00,2025-06-04 18:43:26.868999+00:00,"Baner, , Baner, Pune-411045, Maharashtra India","Baner, , Baner, Pune-411045, Maharashtra India",
rasika.parulkar@sciverse.co.in,2 June 2025,2025-06-02 13:37:32.996000+00:00,2025-06-02 18:40:24.881000+00:00,"Baner, , Baner, Pune-411045, Maharashtra India","Baner, , Baner, Pune-411045, Maharashtra India",
rushikesh.kadam@sciverse.co.in,4 June 2025,2025-06-04 09:25:28.035000+00:00,2025-06-04 19:06:23.098000+00:00,"308, Balewadi High Street, Baner, Pune-411045, Maharashtra India","Transbay, 102, Balewadi High Street, Balewadi, Pune-411045, Maharashtra India",
rushikesh.kadam@sciverse.co.in,16 May 2025,2025-05-16 09:41:42.927000+00:00,,"308, Balewadi High Street, Baner, Pune-411045, Maharashtra India",,
rushikesh.kadam@sciverse.co.in,26 May 2025,2025-05-26 10:16:00.069000+00:00,,"308, Balewadi High Street, Baner, Pune-411045, Maharashtra India",,
rushikesh.kadam@sciverse.co.in,28 May 2025,2025-05-28 09:27:48.782000+00:00,2025-05-28 19:04:53.171000+00:00,"308, Balewadi High Street, Baner, Pune-411045, Maharashtra India","Transbay, 102, Balewadi High Street, Balewadi, Pune-411045, Maharashtra India",
rushikesh.kadam@sciverse.co.in,5 June 2025,2025-06-05 10:20:13.439000+00:00,,"308, Balewadi High Street, Baner, Pune-411045, Maharashtra India",,
rushikesh.kadam@sciverse.co.in,22 May 2025,2025-05-22 09:47:41.411000+00:00,,"308, Balewadi High Street, Baner, Pune-411045, Maharashtra India",,
rushikesh.kadam@sciverse.co.in,29 May 2025,2025-05-29 09:43:47.020000+00:00,2025-05-29 19:26:42.598000+00:00,"308, Balewadi High Street, Baner, Pune-411045, Maharashtra India","308, Balewadi High Street, Baner, Pune-411045, Maharashtra India",
rushikesh.kadam@sciverse.co.in,27 May 2025,,,,,
rushikesh.kadam@sciverse.co.in,17 May 2025,2025-05-17 10:06:06.094000+00:00,,"308, Balewadi High Street, Baner, Pune-411045, Maharashtra India",,
rushikesh.kadam@sciverse.co.in,14 May 2025,2025-05-14 18:19:33.362000+00:00,2025-05-14 18:57:51.359000+00:00,"308, Balewadi High Street, Baner, Pune-411045, Maharashtra India","Park Grandeur, Balewadi High Street, Balewadi, Pune-411045, Maharashtra India",
rushikesh.kadam@sciverse.co.in,2 June 2025,2025-06-02 09:48:50.166000+00:00,,"308, Balewadi High Street, Baner, Pune-411045, Maharashtra India",,
rushikesh.kadam@sciverse.co.in,30 May 2025,2025-05-30 09:45:56.267000+00:00,2025-05-30 19:18:33.594000+00:00,"404, Balewadi High Street, Baner, Pune-411045, Maharashtra India","HQ9J+9QG, , Balewadi, Pune-411045, Maharashtra India",
rushikesh.kadam@sciverse.co.in,3 June 2025,2025-06-03 09:58:16.690000+00:00,2025-06-03 19:23:41.861000+00:00,"308, Balewadi High Street, Baner, Pune-411045, Maharashtra India","Second floor, , Balewadi, Pune-411045, Maharashtra India",
rushikesh.kadam@sciverse.co.in,15 May 2025,2025-05-15 09:47:27.542000+00:00,,"308, Balewadi High Street, Baner, Pune-411045, Maharashtra India",,
rushikesh.kadam@sciverse.co.in,23 May 2025,,,,,
rushikesh.kadam@sciverse.co.in,19 May 2025,,,,,
sakshi.mahakalkar@sciverse.co.in,5 June 2025,2025-06-05 09:56:35.323999+00:00,,"Park Express Road, Park Express Road, Baner, Pune-411045, Maharashtra India",,
sakshi.mahakalkar@sciverse.co.in,22 May 2025,2025-05-22 12:32:57.872999+00:00,,"Park Express Road, Park Express Road, Baner, Pune-411045, Maharashtra India",,
sakshi.mahakalkar@sciverse.co.in,29 May 2025,2025-05-29 10:00:32.848999+00:00,2025-05-29 18:45:59.292000+00:00,"Park Express Road, Park Express Road, Baner, Pune-411045, Maharashtra India","Sonaba Mahadu Saykar Path, Sonaba Mahadu Saykar Path, Baner, Pune-411045, Maharashtra India",
sakshi.mahakalkar@sciverse.co.in,23 May 2025,2025-05-23 10:32:12.486999+00:00,2025-05-23 19:19:05.315000+00:00,"Sonaba Mahadu Saykar Path, Sonaba Mahadu Saykar Path, Baner, Pune-411045, Maharashtra India","Sonaba Mahadu Saykar Path, Sonaba Mahadu Saykar Path, Baner, Pune-411045, Maharashtra India",
sakshi.mahakalkar@sciverse.co.in,28 May 2025,2025-05-28 09:54:08.111000+00:00,2025-05-28 18:55:13.944999+00:00,"Park Express Road, Park Express Road, Baner, Pune-411045, Maharashtra India","Sonaba Mahadu Saykar Path, Sonaba Mahadu Saykar Path, Baner, Pune-411045, Maharashtra India",
samruddhi.kulkarni@sciverse.co.in,5 June 2025,2025-06-05 09:35:10.620000+00:00,,"308, Balewadi High Street, Baner, Pune-411045, Maharashtra India",,
samruddhi.kulkarni@sciverse.co.in,16 May 2025,2025-05-16 09:51:42.433000+00:00,,"308, Balewadi High Street, Baner, Pune-411045, Maharashtra India",,
samruddhi.kulkarni@sciverse.co.in,27 May 2025,2025-05-27 10:49:20.362000+00:00,,"308, Balewadi High Street, Baner, Pune-411045, Maharashtra India",,
samruddhi.kulkarni@sciverse.co.in,15 May 2025,2025-05-15 12:11:01.144000+00:00,,"308, Balewadi High Street, Baner, Pune-411045, Maharashtra India",,
samruddhi.kulkarni@sciverse.co.in,3 June 2025,2025-06-03 10:17:18.561000+00:00,2025-06-03 19:40:25.025000+00:00,"Wing A, , Kothrud, Pune-411038, Maharashtra India","89/12, , Kothrud, Pune-411038, Maharashtra India",
samruddhi.kulkarni@sciverse.co.in,28 May 2025,,,,,
shruti.joshi@sciverse.co.in,5 June 2025,2025-06-05 10:45:02.789999+00:00,,"22/2/3, Baner Road, Baner Road, Baner, Pune-411045, Maharashtra India",,
shruti.joshi@sciverse.co.in,3 June 2025,2025-06-03 10:00:15.286000+00:00,2025-06-03 18:32:46.459000+00:00,"Baner, , Baner, Pune-411045, Maharashtra India","Baner, , Baner, Pune-411045, Maharashtra India",
shruti.joshi@sciverse.co.in,4 June 2025,2025-06-04 10:53:15.911999+00:00,2025-06-04 18:43:39.479000+00:00,"22/2/3, Baner Road, Baner Road, Baner, Pune-411045, Maharashtra India","Baner, , Baner, Pune-411045, Maharashtra India",
shruti.joshi@sciverse.co.in,2 June 2025,2025-06-02 13:22:30.167000+00:00,2025-06-02 18:43:35.594000+00:00,"Baner, , Baner, Pune-411045, Maharashtra India","Baner, , Baner, Pune-411045, Maharashtra India",
siddhesh.ghanekar@sciverse.co.in,31 May 2025,2025-05-31 10:35:10.978000+00:00,2025-05-31 19:48:24.231000+00:00,"6Th Floor, , Baner, Pune-411045, Maharashtra India","110, Baner Road, Baner, Pune-411045, Maharashtra India",
siddhesh.ghanekar@sciverse.co.in,26 May 2025,2025-05-26 10:18:44.275000+00:00,2025-05-26 22:20:53.644000+00:00,"6Th Floor, , Baner, Pune-411045, Maharashtra India","Sr No. 110, Baner - Mahalunge Road, Baner, Pune-411045, Maharashtra India",
siddhesh.ghanekar@sciverse.co.in,28 May 2025,2025-05-28 10:34:51.213000+00:00,2025-05-28 20:41:08.069000+00:00,"Sr No. 110, Baner - Mahalunge Road, Baner, Pune-411045, Maharashtra India","Sr No. 110, Baner - Mahalunge Road, Baner, Pune-411045, Maharashtra India",
siddhesh.ghanekar@sciverse.co.in,1 June 2025,,,,,
siddhesh.ghanekar@sciverse.co.in,5 June 2025,2025-06-05 10:12:24.717000+00:00,,"6Th Floor, , Baner, Pune-411045, Maharashtra India",,
siddhesh.ghanekar@sciverse.co.in,21 May 2025,2025-05-21 10:06:47.427000+00:00,2025-05-21 21:58:25.634000+00:00,"S-112/1, Baner Road, Baner, Pune-411045, Maharashtra India","17/4/37, , Donje, Pune-411045, Maharashtra India",
siddhesh.ghanekar@sciverse.co.in,22 May 2025,2025-05-22 10:31:58.012000+00:00,2025-05-22 19:44:25.693000+00:00,"S-112/1, Baner Road, Baner, Pune-411045, Maharashtra India","6Th Floor, , Baner, Pune-411045, Maharashtra India",
siddhesh.ghanekar@sciverse.co.in,27 May 2025,2025-05-27 12:06:09.866000+00:00,2025-05-27 20:36:33.318000+00:00,"6Th Floor, , Baner, Pune-411045, Maharashtra India","6Th Floor, , Baner, Pune-411045, Maharashtra India",
siddhesh.ghanekar@sciverse.co.in,29 May 2025,2025-05-29 10:21:32.132000+00:00,2025-05-29 20:27:16.906000+00:00,"6Th Floor, , Baner, Pune-411045, Maharashtra India","Croma Showroom, , Baner, Pune-411045, Maharashtra India",
siddhesh.ghanekar@sciverse.co.in,2 June 2025,2025-06-02 10:26:34.058000+00:00,2025-06-02 20:10:26.836000+00:00,"6Th Floor, , Baner, Pune-411045, Maharashtra India","6Th Floor, , Baner, Pune-411045, Maharashtra India",
siddhesh.ghanekar@sciverse.co.in,30 May 2025,2025-05-30 10:23:59.074000+00:00,2025-05-30 19:58:17.668000+00:00,"308, Balewadi High Street, Baner, Pune-411045, Maharashtra India","6Th Floor, , Baner, Pune-411045, Maharashtra India",
siddhesh.ghanekar@sciverse.co.in,20 May 2025,2025-05-20 09:58:10.585000+00:00,2025-05-20 19:14:11.198000+00:00,"6Th Floor, , Baner, Pune-411045, Maharashtra India","6Th Floor, , Baner, Pune-411045, Maharashtra India",
siddhesh.ghanekar@sciverse.co.in,3 June 2025,2025-06-03 10:04:50.493000+00:00,,"6Th Floor, , Baner, Pune-411045, Maharashtra India",,
siddhesh.ghanekar@sciverse.co.in,19 May 2025,2025-05-19 10:14:47.612000+00:00,2025-05-19 19:58:10.207000+00:00,"6Th Floor, , Baner, Pune-411045, Maharashtra India","Sr. No. 110, Baner - Mahalunge Road, Baner, Pune-411045, Maharashtra India",
siddhesh.ghanekar@sciverse.co.in,23 May 2025,2025-05-23 09:27:01.959000+00:00,2025-05-23 19:10:11.551000+00:00,"6Th Floor, , Baner, Pune-411045, Maharashtra India","JP7X+FQV, Service Road, Tathawade, Pimpri-Chinchwad-411033, Maharashtra India",
siddhesh.ghanekar@sciverse.co.in,4 June 2025,2025-06-04 10:02:45.150000+00:00,2025-06-04 19:25:28.804000+00:00,"6Th Floor, , Baner, Pune-411045, Maharashtra India","6Th Floor, , Baner, Pune-411045, Maharashtra India",
suraj.mane@sciverse.co.in,31 May 2025,2025-05-31 10:54:46.772000+00:00,2025-05-31 20:15:51.875000+00:00,"308, Balewadi High Street, Baner, Pune-411045, Maharashtra India","6Th Floor, , Baner, Pune-411045, Maharashtra India",
suraj.mane@sciverse.co.in,15 May 2025,2025-05-15 15:46:32.560000+00:00,,"404, Balewadi High Street, Baner, Pune-411045, Maharashtra India",,
suraj.mane@sciverse.co.in,16 May 2025,,,,,
suraj.mane@sciverse.co.in,26 May 2025,2025-05-26 10:57:05.112000+00:00,2025-05-26 20:26:07.065000+00:00,"308, Balewadi High Street, Baner, Pune-411045, Maharashtra India","6Th Floor, , Baner, Pune-411045, Maharashtra India",
suraj.mane@sciverse.co.in,28 May 2025,2025-05-28 11:09:56.994000+00:00,,"6Th Floor, , Baner, Pune-411045, Maharashtra India",,
suraj.mane@sciverse.co.in,5 June 2025,2025-06-05 11:14:15.644000+00:00,,"6Th Floor, , Baner, Pune-411045, Maharashtra India",,
suraj.mane@sciverse.co.in,22 May 2025,2025-05-22 10:47:25.632000+00:00,2025-05-22 20:44:43.400000+00:00,"308, Balewadi High Street, Baner, Pune-411045, Maharashtra India","308, Balewadi High Street, Baner, Pune-411045, Maharashtra India",
suraj.mane@sciverse.co.in,27 May 2025,2025-05-27 11:07:28.755000+00:00,2025-05-27 20:48:22.566000+00:00,"308, Balewadi High Street, Baner, Pune-411045, Maharashtra India","Paranjpe Scheme Dagadevasti, , Bavdhan, Pune-411021, Maharashtra India",
suraj.mane@sciverse.co.in,29 May 2025,2025-05-29 10:51:40.388000+00:00,2025-05-29 19:58:56.128000+00:00,"404, Balewadi High Street, Baner, Pune-411045, Maharashtra India","308, Balewadi High Street, Baner, Pune-411045, Maharashtra India",
suraj.mane@sciverse.co.in,2 June 2025,2025-06-02 10:53:18.870000+00:00,2025-06-02 19:55:45.915000+00:00,"308, Balewadi High Street, Baner, Pune-411045, Maharashtra India","308, Balewadi High Street, Baner, Pune-411045, Maharashtra India",
suraj.mane@sciverse.co.in,30 May 2025,2025-05-30 11:03:17.926000+00:00,2025-05-30 20:08:35.058000+00:00,"2, Balewadi High Street, Baner, Pune-411045, Maharashtra India","404, Balewadi High Street, Baner, Pune-411045, Maharashtra India",
suraj.mane@sciverse.co.in,3 June 2025,2025-06-03 10:56:28.145000+00:00,2025-06-03 20:38:46.652000+00:00,"308, Balewadi High Street, Baner, Pune-411045, Maharashtra India","V18, Balewadi High Street, Baner, Pune-411045, Maharashtra India",
suraj.mane@sciverse.co.in,4 June 2025,2025-06-04 10:59:44.760000+00:00,2025-06-04 20:30:46.474000+00:00,"404, Balewadi High Street, Baner, Pune-411045, Maharashtra India","Croma Showroom, , Baner, Pune-411045, Maharashtra India",
suraj.mane@sciverse.co.in,23 May 2025,2025-05-23 11:05:01.938000+00:00,2025-05-23 20:00:48.065000+00:00,"V18, Balewadi High Street, Baner, Pune-411045, Maharashtra India","4th Floor, Office. 403, Baner - Balewadi Road, Baner, Pune-411045, Maharashtra India",
suraj.mane@sciverse.co.in,19 May 2025,,,,,
